[
  {
    "model": "auth.permission",
    "pk": 1,
    "fields": {
      "name": "Can add log entry",
      "content_type": 1,
      "codename": "add_logentry"
    }
  },
  {
    "model": "auth.permission",
    "pk": 2,
    "fields": {
      "name": "Can change log entry",
      "content_type": 1,
      "codename": "change_logentry"
    }
  },
  {
    "model": "auth.permission",
    "pk": 3,
    "fields": {
      "name": "Can delete log entry",
      "content_type": 1,
      "codename": "delete_logentry"
    }
  },
  {
    "model": "auth.permission",
    "pk": 4,
    "fields": {
      "name": "Can view log entry",
      "content_type": 1,
      "codename": "view_logentry"
    }
  },
  {
    "model": "auth.permission",
    "pk": 5,
    "fields": {
      "name": "Can add permission",
      "content_type": 2,
      "codename": "add_permission"
    }
  },
  {
    "model": "auth.permission",
    "pk": 6,
    "fields": {
      "name": "Can change permission",
      "content_type": 2,
      "codename": "change_permission"
    }
  },
  {
    "model": "auth.permission",
    "pk": 7,
    "fields": {
      "name": "Can delete permission",
      "content_type": 2,
      "codename": "delete_permission"
    }
  },
  {
    "model": "auth.permission",
    "pk": 8,
    "fields": {
      "name": "Can view permission",
      "content_type": 2,
      "codename": "view_permission"
    }
  },
  {
    "model": "auth.permission",
    "pk": 9,
    "fields": {
      "name": "Can add group",
      "content_type": 3,
      "codename": "add_group"
    }
  },
  {
    "model": "auth.permission",
    "pk": 10,
    "fields": {
      "name": "Can change group",
      "content_type": 3,
      "codename": "change_group"
    }
  },
  {
    "model": "auth.permission",
    "pk": 11,
    "fields": {
      "name": "Can delete group",
      "content_type": 3,
      "codename": "delete_group"
    }
  },
  {
    "model": "auth.permission",
    "pk": 12,
    "fields": {
      "name": "Can view group",
      "content_type": 3,
      "codename": "view_group"
    }
  },
  {
    "model": "auth.permission",
    "pk": 13,
    "fields": {
      "name": "Can add user",
      "content_type": 4,
      "codename": "add_user"
    }
  },
  {
    "model": "auth.permission",
    "pk": 14,
    "fields": {
      "name": "Can change user",
      "content_type": 4,
      "codename": "change_user"
    }
  },
  {
    "model": "auth.permission",
    "pk": 15,
    "fields": {
      "name": "Can delete user",
      "content_type": 4,
      "codename": "delete_user"
    }
  },
  {
    "model": "auth.permission",
    "pk": 16,
    "fields": {
      "name": "Can view user",
      "content_type": 4,
      "codename": "view_user"
    }
  },
  {
    "model": "auth.permission",
    "pk": 17,
    "fields": {
      "name": "Can add content type",
      "content_type": 5,
      "codename": "add_contenttype"
    }
  },
  {
    "model": "auth.permission",
    "pk": 18,
    "fields": {
      "name": "Can change content type",
      "content_type": 5,
      "codename": "change_contenttype"
    }
  },
  {
    "model": "auth.permission",
    "pk": 19,
    "fields": {
      "name": "Can delete content type",
      "content_type": 5,
      "codename": "delete_contenttype"
    }
  },
  {
    "model": "auth.permission",
    "pk": 20,
    "fields": {
      "name": "Can view content type",
      "content_type": 5,
      "codename": "view_contenttype"
    }
  },
  {
    "model": "auth.permission",
    "pk": 21,
    "fields": {
      "name": "Can add session",
      "content_type": 6,
      "codename": "add_session"
    }
  },
  {
    "model": "auth.permission",
    "pk": 22,
    "fields": {
      "name": "Can change session",
      "content_type": 6,
      "codename": "change_session"
    }
  },
  {
    "model": "auth.permission",
    "pk": 23,
    "fields": {
      "name": "Can delete session",
      "content_type": 6,
      "codename": "delete_session"
    }
  },
  {
    "model": "auth.permission",
    "pk": 24,
    "fields": {
      "name": "Can view session",
      "content_type": 6,
      "codename": "view_session"
    }
  },
  {
    "model": "auth.permission",
    "pk": 25,
    "fields": {
      "name": "Can add book",
      "content_type": 7,
      "codename": "add_book"
    }
  },
  {
    "model": "auth.permission",
    "pk": 26,
    "fields": {
      "name": "Can change book",
      "content_type": 7,
      "codename": "change_book"
    }
  },
  {
    "model": "auth.permission",
    "pk": 27,
    "fields": {
      "name": "Can delete book",
      "content_type": 7,
      "codename": "delete_book"
    }
  },
  {
    "model": "auth.permission",
    "pk": 28,
    "fields": {
      "name": "Can view book",
      "content_type": 7,
      "codename": "view_book"
    }
  },
  {
    "model": "auth.permission",
    "pk": 29,
    "fields": {
      "name": "Can add publisher",
      "content_type": 8,
      "codename": "add_publisher"
    }
  },
  {
    "model": "auth.permission",
    "pk": 30,
    "fields": {
      "name": "Can change publisher",
      "content_type": 8,
      "codename": "change_publisher"
    }
  },
  {
    "model": "auth.permission",
    "pk": 31,
    "fields": {
      "name": "Can delete publisher",
      "content_type": 8,
      "codename": "delete_publisher"
    }
  },
  {
    "model": "auth.permission",
    "pk": 32,
    "fields": {
      "name": "Can view publisher",
      "content_type": 8,
      "codename": "view_publisher"
    }
  },
  {
    "model": "auth.permission",
    "pk": 33,
    "fields": {
      "name": "Can add author",
      "content_type": 9,
      "codename": "add_author"
    }
  },
  {
    "model": "auth.permission",
    "pk": 34,
    "fields": {
      "name": "Can change author",
      "content_type": 9,
      "codename": "change_author"
    }
  },
  {
    "model": "auth.permission",
    "pk": 35,
    "fields": {
      "name": "Can delete author",
      "content_type": 9,
      "codename": "delete_author"
    }
  },
  {
    "model": "auth.permission",
    "pk": 36,
    "fields": {
      "name": "Can view author",
      "content_type": 9,
      "codename": "view_author"
    }
  },
  {
    "model": "auth.permission",
    "pk": 37,
    "fields": {
      "name": "Can add genre",
      "content_type": 10,
      "codename": "add_genre"
    }
  },
  {
    "model": "auth.permission",
    "pk": 38,
    "fields": {
      "name": "Can change genre",
      "content_type": 10,
      "codename": "change_genre"
    }
  },
  {
    "model": "auth.permission",
    "pk": 39,
    "fields": {
      "name": "Can delete genre",
      "content_type": 10,
      "codename": "delete_genre"
    }
  },
  {
    "model": "auth.permission",
    "pk": 40,
    "fields": {
      "name": "Can view genre",
      "content_type": 10,
      "codename": "view_genre"
    }
  },
  {
    "model": "auth.permission",
    "pk": 41,
    "fields": {
      "name": "Can add tag",
      "content_type": 11,
      "codename": "add_tag"
    }
  },
  {
    "model": "auth.permission",
    "pk": 42,
    "fields": {
      "name": "Can change tag",
      "content_type": 11,
      "codename": "change_tag"
    }
  },
  {
    "model": "auth.permission",
    "pk": 43,
    "fields": {
      "name": "Can delete tag",
      "content_type": 11,
      "codename": "delete_tag"
    }
  },
  {
    "model": "auth.permission",
    "pk": 44,
    "fields": {
      "name": "Can view tag",
      "content_type": 11,
      "codename": "view_tag"
    }
  },
  {
    "model": "auth.permission",
    "pk": 45,
    "fields": {
      "name": "Can add category",
      "content_type": 12,
      "codename": "add_category"
    }
  },
  {
    "model": "auth.permission",
    "pk": 46,
    "fields": {
      "name": "Can change category",
      "content_type": 12,
      "codename": "change_category"
    }
  },
  {
    "model": "auth.permission",
    "pk": 47,
    "fields": {
      "name": "Can delete category",
      "content_type": 12,
      "codename": "delete_category"
    }
  },
  {
    "model": "auth.permission",
    "pk": 48,
    "fields": {
      "name": "Can view category",
      "content_type": 12,
      "codename": "view_category"
    }
  },
  {
    "model": "auth.permission",
    "pk": 49,
    "fields": {
      "name": "Can add site",
      "content_type": 13,
      "codename": "add_site"
    }
  },
  {
    "model": "auth.permission",
    "pk": 50,
    "fields": {
      "name": "Can change site",
      "content_type": 13,
      "codename": "change_site"
    }
  },
  {
    "model": "auth.permission",
    "pk": 51,
    "fields": {
      "name": "Can delete site",
      "content_type": 13,
      "codename": "delete_site"
    }
  },
  {
    "model": "auth.permission",
    "pk": 52,
    "fields": {
      "name": "Can view site",
      "content_type": 13,
      "codename": "view_site"
    }
  },
  {
    "model": "auth.permission",
    "pk": 53,
    "fields": {
      "name": "Can add email address",
      "content_type": 14,
      "codename": "add_emailaddress"
    }
  },
  {
    "model": "auth.permission",
    "pk": 54,
    "fields": {
      "name": "Can change email address",
      "content_type": 14,
      "codename": "change_emailaddress"
    }
  },
  {
    "model": "auth.permission",
    "pk": 55,
    "fields": {
      "name": "Can delete email address",
      "content_type": 14,
      "codename": "delete_emailaddress"
    }
  },
  {
    "model": "auth.permission",
    "pk": 56,
    "fields": {
      "name": "Can view email address",
      "content_type": 14,
      "codename": "view_emailaddress"
    }
  },
  {
    "model": "auth.permission",
    "pk": 57,
    "fields": {
      "name": "Can add email confirmation",
      "content_type": 15,
      "codename": "add_emailconfirmation"
    }
  },
  {
    "model": "auth.permission",
    "pk": 58,
    "fields": {
      "name": "Can change email confirmation",
      "content_type": 15,
      "codename": "change_emailconfirmation"
    }
  },
  {
    "model": "auth.permission",
    "pk": 59,
    "fields": {
      "name": "Can delete email confirmation",
      "content_type": 15,
      "codename": "delete_emailconfirmation"
    }
  },
  {
    "model": "auth.permission",
    "pk": 60,
    "fields": {
      "name": "Can view email confirmation",
      "content_type": 15,
      "codename": "view_emailconfirmation"
    }
  },
  {
    "model": "auth.permission",
    "pk": 61,
    "fields": {
      "name": "Can add social account",
      "content_type": 16,
      "codename": "add_socialaccount"
    }
  },
  {
    "model": "auth.permission",
    "pk": 62,
    "fields": {
      "name": "Can change social account",
      "content_type": 16,
      "codename": "change_socialaccount"
    }
  },
  {
    "model": "auth.permission",
    "pk": 63,
    "fields": {
      "name": "Can delete social account",
      "content_type": 16,
      "codename": "delete_socialaccount"
    }
  },
  {
    "model": "auth.permission",
    "pk": 64,
    "fields": {
      "name": "Can view social account",
      "content_type": 16,
      "codename": "view_socialaccount"
    }
  },
  {
    "model": "auth.permission",
    "pk": 65,
    "fields": {
      "name": "Can add social application",
      "content_type": 17,
      "codename": "add_socialapp"
    }
  },
  {
    "model": "auth.permission",
    "pk": 66,
    "fields": {
      "name": "Can change social application",
      "content_type": 17,
      "codename": "change_socialapp"
    }
  },
  {
    "model": "auth.permission",
    "pk": 67,
    "fields": {
      "name": "Can delete social application",
      "content_type": 17,
      "codename": "delete_socialapp"
    }
  },
  {
    "model": "auth.permission",
    "pk": 68,
    "fields": {
      "name": "Can view social application",
      "content_type": 17,
      "codename": "view_socialapp"
    }
  },
  {
    "model": "auth.permission",
    "pk": 69,
    "fields": {
      "name": "Can add social application token",
      "content_type": 18,
      "codename": "add_socialtoken"
    }
  },
  {
    "model": "auth.permission",
    "pk": 70,
    "fields": {
      "name": "Can change social application token",
      "content_type": 18,
      "codename": "change_socialtoken"
    }
  },
  {
    "model": "auth.permission",
    "pk": 71,
    "fields": {
      "name": "Can delete social application token",
      "content_type": 18,
      "codename": "delete_socialtoken"
    }
  },
  {
    "model": "auth.permission",
    "pk": 72,
    "fields": {
      "name": "Can view social application token",
      "content_type": 18,
      "codename": "view_socialtoken"
    }
  },
  {
    "model": "auth.permission",
    "pk": 73,
    "fields": {
      "name": "Can add review",
      "content_type": 19,
      "codename": "add_review"
    }
  },
  {
    "model": "auth.permission",
    "pk": 74,
    "fields": {
      "name": "Can change review",
      "content_type": 19,
      "codename": "change_review"
    }
  },
  {
    "model": "auth.permission",
    "pk": 75,
    "fields": {
      "name": "Can delete review",
      "content_type": 19,
      "codename": "delete_review"
    }
  },
  {
    "model": "auth.permission",
    "pk": 76,
    "fields": {
      "name": "Can view review",
      "content_type": 19,
      "codename": "view_review"
    }
  },
  {
    "model": "auth.permission",
    "pk": 77,
    "fields": {
      "name": "Can add purchase",
      "content_type": 20,
      "codename": "add_purchase"
    }
  },
  {
    "model": "auth.permission",
    "pk": 78,
    "fields": {
      "name": "Can change purchase",
      "content_type": 20,
      "codename": "change_purchase"
    }
  },
  {
    "model": "auth.permission",
    "pk": 79,
    "fields": {
      "name": "Can delete purchase",
      "content_type": 20,
      "codename": "delete_purchase"
    }
  },
  {
    "model": "auth.permission",
    "pk": 80,
    "fields": {
      "name": "Can view purchase",
      "content_type": 20,
      "codename": "view_purchase"
    }
  },
  {
    "model": "auth.user",
    "pk": 1,
    "fields": {
      "password": "pbkdf2_sha256$150000$MteogGP8SJfN$bPbzNXsWvChbM2GsKCnpAvwb1Vw5aWGFNAUnPKCo+Lw=",
      "last_login": "2020-09-07T07:07:44.616Z",
      "is_superuser": true,
      "username": "admin",
      "first_name": "",
      "last_name": "",
      "email": "admin@e.com",
      "is_staff": true,
      "is_active": true,
      "date_joined": "2020-08-24T02:36:56.415Z",
      "groups": [],
      "user_permissions": []
    }
  },
  {
    "model": "auth.user",
    "pk": 2,
    "fields": {
      "password": "pbkdf2_sha256$150000$mecEaUFJYzqF$N8+LxYK7DRqUsIg76l+C3iLznUSJWt17WBWnlOKunhI=",
      "last_login": "2020-08-28T05:45:28.132Z",
      "is_superuser": false,
      "username": "tanahkow",
      "first_name": "",
      "last_name": "",
      "email": "ahkow@gemail.com",
      "is_staff": false,
      "is_active": true,
      "date_joined": "2020-08-26T05:40:25.604Z",
      "groups": [],
      "user_permissions": []
    }
  },
  {
    "model": "sessions.session",
    "pk": "ma7w69uc2b9jt5whttntjzo8fh6kvtzy",
    "fields": {
      "session_data": "MWYwYmZiMDgzZDQ1Y2Q1NjI2MDg4NWZjNjU2ZDA3ZTU5ZmYwYWQwMDp7Il9hdXRoX3VzZXJfaWQiOiIxIiwiX2F1dGhfdXNlcl9iYWNrZW5kIjoiZGphbmdvLmNvbnRyaWIuYXV0aC5iYWNrZW5kcy5Nb2RlbEJhY2tlbmQiLCJfYXV0aF91c2VyX2hhc2giOiI3ZWIxOTE4YzJjNjUxNDIxZGM5ZGU3MTJmNWVlOTQ3OWQ5Y2Q5MjhmIiwiX3Nlc3Npb25fZXhwaXJ5IjowLCJzaG9wcGluZ19jYXJ0Ijp7fX0=",
      "expire_date": "2020-09-21T07:35:52.739Z"
    }
  },
  {
    "model": "sessions.session",
    "pk": "uy67pjkld4sxvfaxyv9b0ow9wdd77jma",
    "fields": {
      "session_data": "NzYzZDhlYTI2MzRiNWUyZTljNWNlYWUzNzA3N2QzMGU2MzA3MTMwNzp7Il9hdXRoX3VzZXJfaWQiOiIxIiwiX2F1dGhfdXNlcl9iYWNrZW5kIjoiZGphbmdvLmNvbnRyaWIuYXV0aC5iYWNrZW5kcy5Nb2RlbEJhY2tlbmQiLCJfYXV0aF91c2VyX2hhc2giOiI3ZWIxOTE4YzJjNjUxNDIxZGM5ZGU3MTJmNWVlOTQ3OWQ5Y2Q5MjhmIn0=",
      "expire_date": "2020-09-11T06:45:06.573Z"
    }
  },
  {
    "model": "sites.site",
    "pk": 1,
    "fields": {
      "domain": "https://8080-a3a15b4e-89bf-4be4-ab22-a62255b3505b.ws-us02.gitpod.io/",
      "name": "Books Review Site"
    }
  },
  {
    "model": "account.emailaddress",
    "pk": 1,
    "fields": {
      "user": 1,
      "email": "admin@gemail.com",
      "verified": true,
      "primary": true
    }
  },
  {
    "model": "account.emailaddress",
    "pk": 2,
    "fields": {
      "user": 2,
      "email": "ahkow@gemail.com",
      "verified": true,
      "primary": true
    }
  },
  { "model": "books.genre", "pk": 1, "fields": { "title": "Fantasy" } },
  { "model": "books.genre", "pk": 2, "fields": { "title": "Science-fic" } },
  { "model": "books.genre", "pk": 3, "fields": { "title": "Romance" } },
  { "model": "books.genre", "pk": 4, "fields": { "title": "Crime" } },
  { "model": "books.tag", "pk": 1, "fields": { "title": "page-turner" } },
  { "model": "books.tag", "pk": 2, "fields": { "title": "boring" } },
  { "model": "books.tag", "pk": 3, "fields": { "title": "thriller" } },
  { "model": "books.tag", "pk": 4, "fields": { "title": "doorstopper" } },
  { "model": "books.tag", "pk": 5, "fields": { "title": "horror" } },
  { "model": "books.category", "pk": 1, "fields": { "title": "N/A" } },
  { "model": "books.category", "pk": 2, "fields": { "title": "Novel" } },
  {
    "model": "books.book",
    "pk": 1,
    "fields": {
      "title": "Lord of the Rings",
      "ISBN": "AX-12346X",
      "desc": "Halfings return jewellry",
      "genre": 1,
      "category": 2,
      "owner": 1,
      "page_count": 600,
      "cover": "image/upload/v1598513334/wqxkglxvxmpot8rjgt5b.jpg",
      "cost": "10.000",
      "tags": [4],
      "authors": [1]
    }
  },
  {
    "model": "books.book",
    "pk": 3,
    "fields": {
      "title": "Twilight",
      "ISBN": "G-123456-7",
      "desc": "Sparking vampires",
      "genre": 3,
      "category": 1,
      "owner": 2,
      "page_count": 250,
      "cover": "image/upload/v1598518587/k7tv4vcjdxv4gdyvaqpl.jpg",
      "cost": "15.000",
      "tags": [2, 5],
      "authors": [1, 3]
    }
  },
  {
    "model": "books.book",
    "pk": 4,
    "fields": {
      "title": "Lords of the Dust",
      "ISBN": "X-146",
      "desc": "Fan fiction",
      "genre": 1,
      "category": 1,
      "owner": null,
      "page_count": 0,
      "cover": "",
      "cost": "10.000",
      "tags": [3, 4],
      "authors": [1, 2]
    }
  },
  {
    "model": "books.book",
    "pk": 5,
    "fields": {
      "title": "Romance of the Three Kingdoms",
      "ISBN": "XYZ-123-ABC",
      "desc": "China 220AD Drama",
      "genre": 3,
      "category": 1,
      "owner": 1,
      "page_count": 900,
      "cover": "",
      "cost": "10.000",
      "tags": [1, 4],
      "authors": [3]
    }
  },
  {
    "model": "books.book",
    "pk": 6,
    "fields": {
      "title": "English 101",
      "ISBN": "Z",
      "desc": "English textbook",
      "genre": 2,
      "category": 1,
      "owner": 1,
      "page_count": 300,
      "cover": "",
      "cost": "10.000",
      "tags": [2],
      "authors": [2]
    }
  },
  {
    "model": "books.book",
    "pk": 7,
    "fields": {
      "title": "The Bookworm Gang",
      "ISBN": "AXZ123421",
      "desc": "Primary school kids get into trouble",
      "genre": 2,
      "category": 1,
      "owner": 1,
      "page_count": 0,
      "cover": "",
      "cost": "10.000",
      "tags": [],
      "authors": []
    }
  },
  {
    "model": "books.book",
    "pk": 8,
    "fields": {
      "title": "The Secret Life of Pets",
      "ISBN": "ABCDEF123",
      "desc": "Whatever",
      "genre": 1,
      "category": 1,
      "owner": 2,
      "page_count": 255,
      "cover": "image/upload/v1598518559/yr4aor3jfxz8bnuhotey.jpg",
      "cost": "33.000",
      "tags": [2],
      "authors": [1]
    }
  },
  {
    "model": "books.book",
    "pk": 9,
    "fields": {
      "title": "Lords of the Stars",
      "ISBN": "ABCDE1234",
      "desc": "Science-fic lord of the rings",
      "genre": 2,
      "category": 1,
      "owner": 2,
      "page_count": 0,
      "cover": "",
      "cost": "10.000",
      "tags": [3],
      "authors": [2]
    }
  },
  {
    "model": "books.book",
    "pk": 10,
    "fields": {
      "title": "The Dresden Files",
      "ISBN": "ABCDEF",
      "desc": "Harry Potter meets flim noir",
      "genre": 4,
      "category": 2,
      "owner": 2,
      "page_count": 300,
      "cover": "image/upload/v1598513222/jh68wb4bexcqm8xflw8p.jpg",
      "cost": "10.000",
      "tags": [1],
      "authors": [4]
    }
  },
  {
    "model": "books.book",
    "pk": 11,
    "fields": {
      "title": "Elderberry Cookbook",
      "ISBN": "AVC3p9523",
      "desc": "A how-to guide and recipe book for using elderberries in your food.",
      "genre": 1,
      "category": 1,
      "owner": 1,
      "page_count": 333,
      "cover": "image/upload/v1598514557/ep6nhk0ukaifovlbtt5u.jpg",
      "cost": "25.000",
      "tags": [5],
      "authors": [4]
    }
  },
  {
    "model": "books.publisher",
    "pk": 1,
    "fields": { "name": "Penguin Books", "email": "contact@penguin-books.com" }
  },
  {
    "model": "books.publisher",
    "pk": 2,
    "fields": { "name": "Harper Books", "email": "contact@harper.com" }
  },
  {
    "model": "books.publisher",
    "pk": 3,
    "fields": { "name": "Amazon Ebook", "email": "amazonebook@amazon.com" }
  },
  {
    "model": "books.publisher",
    "pk": 4,
    "fields": { "name": "Allen & Allen", "email": "contact@allennallend.com" }
  },
  {
    "model": "books.author",
    "pk": 1,
    "fields": {
      "first_name": "JRR",
      "last_name": "Tolkien",
      "dob": "2020-08-24"
    }
  },
  {
    "model": "books.author",
    "pk": 2,
    "fields": {
      "first_name": "Frank",
      "last_name": "Herbert",
      "dob": "2020-08-02"
    }
  },
  {
    "model": "books.author",
    "pk": 3,
    "fields": {
      "first_name": "LuoGuanzhong",
      "last_name": "Luo",
      "dob": "1950-07-01"
    }
  },
  {
    "model": "books.author",
    "pk": 4,
    "fields": {
      "first_name": "Jim",
      "last_name": "Butcher",
      "dob": "2020-08-10"
    }
  },
  {
    "model": "reviews.review",
    "pk": 1,
    "fields": {
      "title": "Edward is actually a stalker",
      "content": "Edward is actually a stalker not healthy behaviour.",
      "date": "2020-08-27",
      "book": 3,
      "author": 1
    }
  },
  {
    "model": "reviews.review",
    "pk": 2,
    "fields": {
      "title": "Not my cup of tea",
      "content": "I prefer my vampires gothic and scary not sparkling and handsome.",
      "date": "2020-08-04",
      "book": 3,
      "author": 1
    }
  },
  {
    "model": "reviews.review",
    "pk": 3,
    "fields": {
      "title": "Really really long read",
      "content": "I started this book when I was in P6 and finished when I was Sec 4",
      "date": "2020-07-02",
      "book": 1,
      "author": 1
    }
  },
  {
    "model": "reviews.review",
    "pk": 4,
    "fields": {
      "title": "Book functions well as a brick",
      "content": "Very thick",
      "date": "2020-07-02",
      "book": 1,
      "author": 1
    }
  },
  {
    "model": "reviews.review",
    "pk": 5,
    "fields": {
      "title": "Good read",
      "content": "Very nice",
      "date": "2020-07-02",
      "book": 1,
      "author": 1
    }
  },
  {
    "model": "reviews.review",
    "pk": 6,
    "fields": {
      "title": "LALA",
      "content": "BABA",
      "date": "2020-07-02",
      "book": 1,
      "author": 1
    }
  },
  {
    "model": "reviews.review",
    "pk": 7,
    "fields": {
      "title": "Very long",
      "content": "Super boring to many characters and plot lines to keep track of",
      "date": "2020-07-01",
      "book": 5,
      "author": 2
    }
  },
  {
    "model": "checkout.purchase",
    "pk": 1,
    "fields": {
      "book": 1,
      "user": 2,
      "purchase_date": "2020-08-28T06:43:26.448Z",
      "qty": 0,
      "total": 0,
      "price": 0
    }
  },
  {
    "model": "checkout.purchase",
    "pk": 2,
    "fields": {
      "book": 3,
      "user": 2,
      "purchase_date": "2020-08-28T06:43:26.478Z",
      "qty": 0,
      "total": 0,
      "price": 0
    }
  },
  {
    "model": "checkout.purchase",
    "pk": 3,
    "fields": {
      "book": 1,
      "user": 1,
      "purchase_date": "2020-09-07T07:12:43.956Z",
      "qty": 0,
      "total": 0,
      "price": 10
    }
  },
  {
    "model": "checkout.purchase",
    "pk": 4,
    "fields": {
      "book": 1,
      "user": 1,
      "purchase_date": "2020-09-07T07:35:33.725Z",
      "qty": 2,
      "total": 20,
      "price": 10
    }
  },
  {
    "model": "checkout.purchase",
    "pk": 5,
    "fields": {
      "book": 9,
      "user": 1,
      "purchase_date": "2020-09-07T07:35:33.760Z",
      "qty": 3,
      "total": 30,
      "price": 10
    }
  },
  {
    "model": "checkout.purchase",
    "pk": 6,
    "fields": {
      "book": 1,
      "user": 1,
      "purchase_date": "2020-09-07T08:25:40.029Z",
      "qty": 3,
      "total": 30,
      "price": 10
    }
  },
  {
    "model": "checkout.purchase",
    "pk": 7,
    "fields": {
      "book": 3,
      "user": 1,
      "purchase_date": "2020-09-07T08:26:19.220Z",
      "qty": 2,
      "total": 30,
      "price": 15
    }
  },
  {
    "model": "checkout.purchase",
    "pk": 8,
    "fields": {
      "book": 1,
      "user": 1,
      "purchase_date": "2020-09-07T08:26:19.255Z",
      "qty": 3,
      "total": 30,
      "price": 10
    }
  },
  {
    "model": "checkout.purchase",
    "pk": 9,
    "fields": {
      "book": 1,
      "user": 1,
      "purchase_date": "2020-09-07T08:28:39.069Z",
      "qty": 2,
      "total": 20,
      "price": 10
    }
  },
  {
    "model": "checkout.purchase",
    "pk": 10,
    "fields": {
      "book": 10,
      "user": 1,
      "purchase_date": "2020-09-07T08:28:39.114Z",
      "qty": 3,
      "total": 30,
      "price": 10
    }
  },
  {
    "model": "admin.logentry",
    "pk": 1,
    "fields": {
      "action_time": "2020-08-24T03:57:05.906Z",
      "user": 1,
      "content_type": 7,
      "object_id": "1",
      "object_repr": "The Lord of the Rings",
      "action_flag": 1,
      "change_message": "[{\"added\": {}}]"
    }
  },
  {
    "model": "admin.logentry",
    "pk": 2,
    "fields": {
      "action_time": "2020-08-24T05:47:26.562Z",
      "user": 1,
      "content_type": 7,
      "object_id": "2",
      "object_repr": "Dune - A123456X",
      "action_flag": 1,
      "change_message": "[{\"added\": {}}]"
    }
  },
  {
    "model": "admin.logentry",
    "pk": 3,
    "fields": {
      "action_time": "2020-08-24T05:47:54.375Z",
      "user": 1,
      "content_type": 7,
      "object_id": "3",
      "object_repr": "Peanuts - D123456-X",
      "action_flag": 1,
      "change_message": "[{\"added\": {}}]"
    }
  },
  {
    "model": "admin.logentry",
    "pk": 4,
    "fields": {
      "action_time": "2020-08-24T06:05:06.495Z",
      "user": 1,
      "content_type": 8,
      "object_id": "1",
      "object_repr": "Penguin Books",
      "action_flag": 1,
      "change_message": "[{\"added\": {}}]"
    }
  },
  {
    "model": "admin.logentry",
    "pk": 5,
    "fields": {
      "action_time": "2020-08-24T06:05:18.144Z",
      "user": 1,
      "content_type": 8,
      "object_id": "2",
      "object_repr": "Harper Books",
      "action_flag": 1,
      "change_message": "[{\"added\": {}}]"
    }
  },
  {
    "model": "admin.logentry",
    "pk": 6,
    "fields": {
      "action_time": "2020-08-24T08:54:42.476Z",
      "user": 1,
      "content_type": 9,
      "object_id": "1",
      "object_repr": "JRR Tolkien",
      "action_flag": 1,
      "change_message": "[{\"added\": {}}]"
    }
  },
  {
    "model": "admin.logentry",
    "pk": 7,
    "fields": {
      "action_time": "2020-08-24T08:54:52.867Z",
      "user": 1,
      "content_type": 9,
      "object_id": "2",
      "object_repr": "Frank Herbert",
      "action_flag": 1,
      "change_message": "[{\"added\": {}}]"
    }
  },
  {
    "model": "admin.logentry",
    "pk": 8,
    "fields": {
      "action_time": "2020-08-25T02:22:45.693Z",
      "user": 1,
      "content_type": 7,
      "object_id": "5",
      "object_repr": "Alice in Wonderland - ZZ123324",
      "action_flag": 3,
      "change_message": ""
    }
  },
  {
    "model": "admin.logentry",
    "pk": 9,
    "fields": {
      "action_time": "2020-08-25T02:22:45.729Z",
      "user": 1,
      "content_type": 7,
      "object_id": "2",
      "object_repr": "Dune2 - A123456X2",
      "action_flag": 3,
      "change_message": ""
    }
  },
  {
    "model": "admin.logentry",
    "pk": 10,
    "fields": {
      "action_time": "2020-08-25T02:22:45.764Z",
      "user": 1,
      "content_type": 7,
      "object_id": "1",
      "object_repr": "The Lord of the Rings - AX123456",
      "action_flag": 3,
      "change_message": ""
    }
  },
  {
    "model": "admin.logentry",
    "pk": 11,
    "fields": {
      "action_time": "2020-08-25T02:25:49.183Z",
      "user": 1,
      "content_type": 10,
      "object_id": "1",
      "object_repr": "Fantasy",
      "action_flag": 1,
      "change_message": "[{\"added\": {}}]"
    }
  },
  {
    "model": "admin.logentry",
    "pk": 12,
    "fields": {
      "action_time": "2020-08-25T02:25:55.582Z",
      "user": 1,
      "content_type": 7,
      "object_id": "1",
      "object_repr": "Lord of the Rings - AX-12346X",
      "action_flag": 1,
      "change_message": "[{\"added\": {}}]"
    }
  },
  {
    "model": "admin.logentry",
    "pk": 13,
    "fields": {
      "action_time": "2020-08-25T02:30:41.584Z",
      "user": 1,
      "content_type": 10,
      "object_id": "2",
      "object_repr": "Science-fic",
      "action_flag": 1,
      "change_message": "[{\"added\": {}}]"
    }
  },
  {
    "model": "admin.logentry",
    "pk": 14,
    "fields": {
      "action_time": "2020-08-25T02:41:15.784Z",
      "user": 1,
      "content_type": 11,
      "object_id": "1",
      "object_repr": "page-turner",
      "action_flag": 1,
      "change_message": "[{\"added\": {}}]"
    }
  },
  {
    "model": "admin.logentry",
    "pk": 15,
    "fields": {
      "action_time": "2020-08-25T02:41:18.959Z",
      "user": 1,
      "content_type": 11,
      "object_id": "1",
      "object_repr": "page-turner",
      "action_flag": 2,
      "change_message": "[]"
    }
  },
  {
    "model": "admin.logentry",
    "pk": 16,
    "fields": {
      "action_time": "2020-08-25T02:41:26.411Z",
      "user": 1,
      "content_type": 11,
      "object_id": "2",
      "object_repr": "boring",
      "action_flag": 1,
      "change_message": "[{\"added\": {}}]"
    }
  },
  {
    "model": "admin.logentry",
    "pk": 17,
    "fields": {
      "action_time": "2020-08-25T02:41:33.169Z",
      "user": 1,
      "content_type": 11,
      "object_id": "3",
      "object_repr": "thriller",
      "action_flag": 1,
      "change_message": "[{\"added\": {}}]"
    }
  },
  {
    "model": "admin.logentry",
    "pk": 18,
    "fields": {
      "action_time": "2020-08-25T02:41:40.550Z",
      "user": 1,
      "content_type": 11,
      "object_id": "4",
      "object_repr": "doorstopper",
      "action_flag": 1,
      "change_message": "[{\"added\": {}}]"
    }
  },
  {
    "model": "admin.logentry",
    "pk": 19,
    "fields": {
      "action_time": "2020-08-25T02:42:32.516Z",
      "user": 1,
      "content_type": 10,
      "object_id": "3",
      "object_repr": "Romance",
      "action_flag": 1,
      "change_message": "[{\"added\": {}}]"
    }
  },
  {
    "model": "admin.logentry",
    "pk": 20,
    "fields": {
      "action_time": "2020-08-25T02:42:43.255Z",
      "user": 1,
      "content_type": 11,
      "object_id": "5",
      "object_repr": "horror",
      "action_flag": 1,
      "change_message": "[{\"added\": {}}]"
    }
  },
  {
    "model": "admin.logentry",
    "pk": 21,
    "fields": {
      "action_time": "2020-08-25T02:42:51.552Z",
      "user": 1,
      "content_type": 7,
      "object_id": "3",
      "object_repr": "Twilight - G-123456-7",
      "action_flag": 1,
      "change_message": "[{\"added\": {}}]"
    }
  },
  {
    "model": "admin.logentry",
    "pk": 22,
    "fields": {
      "action_time": "2020-08-25T02:43:10.416Z",
      "user": 1,
      "content_type": 7,
      "object_id": "1",
      "object_repr": "Lord of the Rings - AX-12346X",
      "action_flag": 2,
      "change_message": "[{\"changed\": {\"fields\": [\"tags\"]}}]"
    }
  },
  {
    "model": "admin.logentry",
    "pk": 23,
    "fields": {
      "action_time": "2020-08-25T03:26:46.298Z",
      "user": 1,
      "content_type": 12,
      "object_id": "1",
      "object_repr": "N/A",
      "action_flag": 1,
      "change_message": "[{\"added\": {}}]"
    }
  },
  {
    "model": "admin.logentry",
    "pk": 24,
    "fields": {
      "action_time": "2020-08-25T03:34:15.147Z",
      "user": 1,
      "content_type": 7,
      "object_id": "2",
      "object_repr": "Dark Sword Chronicles - AX-456789X",
      "action_flag": 2,
      "change_message": "[{\"changed\": {\"fields\": [\"tags\", \"authors\"]}}]"
    }
  },
  {
    "model": "admin.logentry",
    "pk": 25,
    "fields": {
      "action_time": "2020-08-25T03:36:01.197Z",
      "user": 1,
      "content_type": 7,
      "object_id": "2",
      "object_repr": "Dark Sword Chronicles - AX-456789X",
      "action_flag": 3,
      "change_message": ""
    }
  },
  {
    "model": "admin.logentry",
    "pk": 26,
    "fields": {
      "action_time": "2020-08-25T05:28:50.332Z",
      "user": 1,
      "content_type": 14,
      "object_id": "1",
      "object_repr": "admin@gemail.com",
      "action_flag": 1,
      "change_message": "[{\"added\": {}}]"
    }
  },
  {
    "model": "admin.logentry",
    "pk": 27,
    "fields": {
      "action_time": "2020-08-25T05:30:36.751Z",
      "user": 1,
      "content_type": 13,
      "object_id": "1",
      "object_repr": "books.example.com",
      "action_flag": 2,
      "change_message": "[{\"changed\": {\"fields\": [\"domain\", \"name\"]}}]"
    }
  },
  {
    "model": "admin.logentry",
    "pk": 28,
    "fields": {
      "action_time": "2020-08-26T02:34:54.596Z",
      "user": 1,
      "content_type": 19,
      "object_id": "1",
      "object_repr": "Review Edward is actually a stalker for Twilight",
      "action_flag": 1,
      "change_message": "[{\"added\": {}}]"
    }
  },
  {
    "model": "admin.logentry",
    "pk": 29,
    "fields": {
      "action_time": "2020-08-26T06:01:54.100Z",
      "user": 1,
      "content_type": 7,
      "object_id": "3",
      "object_repr": "Twilight - G-123456-7",
      "action_flag": 2,
      "change_message": "[{\"changed\": {\"fields\": [\"authors\", \"owner\"]}}]"
    }
  },
  {
    "model": "admin.logentry",
    "pk": 30,
    "fields": {
      "action_time": "2020-08-26T06:23:55.746Z",
      "user": 1,
      "content_type": 19,
      "object_id": "2",
      "object_repr": "Review Not my cup of tea for Twilight",
      "action_flag": 1,
      "change_message": "[{\"added\": {}}]"
    }
  },
  {
    "model": "admin.logentry",
    "pk": 31,
    "fields": {
      "action_time": "2020-08-27T03:13:40.844Z",
      "user": 1,
      "content_type": 7,
      "object_id": "9",
      "object_repr": "Lords of the Stars - ABCDE1234",
      "action_flag": 1,
      "change_message": "[{\"added\": {}}]"
    }
  },
  {
    "model": "admin.logentry",
    "pk": 32,
    "fields": {
      "action_time": "2020-08-27T03:21:24.679Z",
      "user": 1,
      "content_type": 7,
      "object_id": "3",
      "object_repr": "Twilight - G-123456-7",
      "action_flag": 2,
      "change_message": "[{\"changed\": {\"fields\": [\"page_count\"]}}]"
    }
  },
  {
    "model": "admin.logentry",
    "pk": 33,
    "fields": {
      "action_time": "2020-08-27T03:26:43.043Z",
      "user": 1,
      "content_type": 7,
      "object_id": "6",
      "object_repr": "English 101 - Z",
      "action_flag": 2,
      "change_message": "[{\"changed\": {\"fields\": [\"owner\", \"page_count\"]}}]"
    }
  },
  {
    "model": "admin.logentry",
    "pk": 34,
    "fields": {
      "action_time": "2020-08-27T03:27:13.426Z",
      "user": 1,
      "content_type": 7,
      "object_id": "5",
      "object_repr": "Romance of the Three Kingdoms - XYZ-123-ABC",
      "action_flag": 2,
      "change_message": "[{\"changed\": {\"fields\": [\"owner\", \"page_count\"]}}]"
    }
  },
  {
    "model": "admin.logentry",
    "pk": 35,
    "fields": {
      "action_time": "2020-08-27T07:26:13.246Z",
      "user": 1,
      "content_type": 9,
      "object_id": "4",
      "object_repr": "Jim Butcher",
      "action_flag": 1,
      "change_message": "[{\"added\": {}}]"
    }
  },
  {
    "model": "admin.logentry",
    "pk": 36,
    "fields": {
      "action_time": "2020-08-27T07:26:21.906Z",
      "user": 1,
      "content_type": 10,
      "object_id": "4",
      "object_repr": "Crime",
      "action_flag": 1,
      "change_message": "[{\"added\": {}}]"
    }
  },
  {
    "model": "admin.logentry",
    "pk": 37,
    "fields": {
      "action_time": "2020-08-27T07:26:28.070Z",
      "user": 1,
      "content_type": 12,
      "object_id": "2",
      "object_repr": "Novel",
      "action_flag": 1,
      "change_message": "[{\"added\": {}}]"
    }
  },
  {
    "model": "admin.logentry",
    "pk": 38,
    "fields": {
      "action_time": "2020-08-27T07:27:02.836Z",
      "user": 1,
      "content_type": 7,
      "object_id": "10",
      "object_repr": "The Dresden Files - ABCDEF",
      "action_flag": 1,
      "change_message": "[{\"added\": {}}]"
    }
  },
  {
    "model": "admin.logentry",
    "pk": 39,
    "fields": {
      "action_time": "2020-08-27T07:28:55.473Z",
      "user": 1,
      "content_type": 7,
      "object_id": "1",
      "object_repr": "Lord of the Rings - AX-12346X",
      "action_flag": 2,
      "change_message": "[{\"changed\": {\"fields\": [\"authors\", \"owner\", \"page_count\", \"cover\"]}}]"
    }
  },
  {
    "model": "admin.logentry",
    "pk": 40,
    "fields": {
      "action_time": "2020-08-27T08:55:36.953Z",
      "user": 1,
      "content_type": 7,
      "object_id": "11",
      "object_repr": "Elderberry Cookbook - AVC3p9523",
      "action_flag": 2,
      "change_message": "[{\"changed\": {\"fields\": [\"tags\", \"authors\", \"cost\"]}}]"
    }
  },
  {
    "model": "admin.logentry",
    "pk": 41,
    "fields": {
      "action_time": "2020-08-27T08:56:00.160Z",
      "user": 1,
      "content_type": 7,
      "object_id": "8",
      "object_repr": "The Secret Life of Pets - ABCDEF123",
      "action_flag": 2,
      "change_message": "[{\"changed\": {\"fields\": [\"tags\", \"authors\", \"page_count\", \"cover\", \"cost\"]}}]"
    }
  },
  {
    "model": "admin.logentry",
    "pk": 42,
    "fields": {
      "action_time": "2020-08-27T08:56:13.897Z",
      "user": 1,
      "content_type": 7,
      "object_id": "1",
      "object_repr": "Lord of the Rings - AX-12346X",
      "action_flag": 2,
      "change_message": "[{\"changed\": {\"fields\": [\"category\"]}}]"
    }
  },
  {
    "model": "admin.logentry",
    "pk": 43,
    "fields": {
      "action_time": "2020-08-27T08:56:27.403Z",
      "user": 1,
      "content_type": 7,
      "object_id": "3",
      "object_repr": "Twilight - G-123456-7",
      "action_flag": 2,
      "change_message": "[{\"changed\": {\"fields\": [\"cover\", \"cost\"]}}]"
    }
  },
  {
    "model": "admin.logentry",
    "pk": 44,
    "fields": {
      "action_time": "2020-08-28T05:36:52.952Z",
      "user": 1,
      "content_type": 13,
      "object_id": "1",
      "object_repr": "https://https://8080-a3a15b4e-89bf-4be4-ab22-a62255b3505b.ws-us02.gitpod.io/",
      "action_flag": 2,
      "change_message": "[{\"changed\": {\"fields\": [\"domain\"]}}]"
    }
  },
  {
    "model": "admin.logentry",
    "pk": 45,
    "fields": {
      "action_time": "2020-08-28T05:37:03.604Z",
      "user": 1,
      "content_type": 13,
      "object_id": "1",
      "object_repr": "https://8080-a3a15b4e-89bf-4be4-ab22-a62255b3505b.ws-us02.gitpod.io/",
      "action_flag": 2,
      "change_message": "[{\"changed\": {\"fields\": [\"domain\"]}}]"
    }
  }
]
